Species;Species_fr;Species_en;classes_age;survie;fecondite
Accipiter gentilis;Autour des palombes;Northern Goshawk;A0;0.55;0
Accipiter gentilis;Autour des palombes;Northern Goshawk;A1;0.65;0.09
Accipiter gentilis;Autour des palombes;Northern Goshawk;A2;0.78;0.54
Accipiter nisus;Epervier d'europe ;Eurasian Sparrowhawk;A0;0.4;0
Accipiter nisus;Epervier d'europe ;Eurasian Sparrowhawk;A1;0.62p;0.9
Accipiter nisus;Epervier d'europe ;Eurasian Sparrowhawk;A2;0.64;1.23
Aegypius monachus;Vautour moine;Cinereous Vulture;A0;0.84;0
Aegypius monachus;Vautour moine;Cinereous Vulture;A1;0.86;0
Aegypius monachus;Vautour moine;Cinereous Vulture;A2;0.86;0
Aegypius monachus;Vautour moine;Cinereous Vulture;A3;0.86;0.27
Aegypius monachus;Vautour moine;Cinereous Vulture;A4;0.86;0.27
Aegypius monachus;Vautour moine;Cinereous Vulture;A5;0.95;0.28
Alauda arvensis;Alouette des champs;Eurasian Skylark;A0;0.3;0
Alauda arvensis;Alouette des champs;Eurasian Skylark;A1;0.66;1.43
Alectoris rufa;Perdrix rouge;Red-legged partridge;A0;0.17;0
Alectoris rufa;Perdrix rouge;Red-legged partridge;A1;0.45;2.19p
Apus Apus;Martinet noir;Common Swift;A0;0.5p;0
Apus Apus;Martinet noir;Common Swift;A1;0.75p;0.4p
Apus Apus;Martinet noir;Common Swift;A2;0.77p;0.4p
Apus Apus;Martinet noir;Common Swift;A3;0.79;0.81
Aquila chrysaetos;Aigle royal;Golden Eagle;A0;0.71;0
Aquila chrysaetos;Aigle royal;Golden Eagle;A1;0.85;0
Aquila chrysaetos;Aigle royal;Golden Eagle;A2;0.85;0
Aquila chrysaetos;Aigle royal;Golden Eagle;A3;0.85;0.12p
Aquila chrysaetos;Aigle royal;Golden Eagle;A4;0.87;0.12p
Aquila chrysaetos;Aigle royal;Golden Eagle;A5;0.9;0.24
Aquila fasciata;Aigle de Bonelli;Bonelli's Eagle;A0;0.55;0
Aquila fasciata;Aigle de Bonelli;Bonelli's Eagle;A1;0.62;0
Aquila fasciata;Aigle de Bonelli;Bonelli's Eagle;A2;0.62;0.19
Aquila fasciata;Aigle de Bonelli;Bonelli's Eagle;A3;0.84;0.49
Aquila fasciata;Aigle de Bonelli;Bonelli's Eagle;A4;0.9;0.49
Asio flammeus;Hibou des marais;short-eared Owl;A0;0.39p;0
Asio flammeus;Hibou des marais;short-eared Owl;A1;0.58p;1.4p
Bubo bubo;Grand Duc d'Europe;Eurasian eagle-owl;A0;0.56p;0
Bubo bubo;Grand Duc d'Europe;Eurasian eagle-owl;A1;0.83p;0.3p
Bubo bubo;Grand Duc d'Europe;Eurasian eagle-owl;A2;0.85p;0.59
Burhinus oedicnemus;Oedicnème criard;Eurasian Stone curlew;A0;0.61;0
Burhinus oedicnemus;Oedicnème criard;Eurasian Stone curlew;A1;0.81p;0
Burhinus oedicnemus;Oedicnème criard;Eurasian Stone curlew;A2;0.84;0.33
Buteo buteo;Buse variable;Common Buzzard;A0;0.61;0
Buteo buteo;Buse variable;Common Buzzard;A1;0.86;0.25
Buteo buteo;Buse variable;Common Buzzard;A2;0.89;0.25
Buteo buteo;Buse variable;Common Buzzard;A3;0.85;0.78
Carduelis cannabina;Linotte mélodieuse;Eurasian Linnet;A0;0.34;0
Carduelis cannabina;Linotte mélodieuse;Eurasian Linnet;A1;0.41;1.29
Carduelis carduelis;Chardonneret élégant;European Goldfinch;A0;0.4;0
Carduelis carduelis;Chardonneret élégant;European Goldfinch;A1;0.45;1.19
Carduelis chloris;Verdier d'Europe;European Greenfinch;A0;0.38;0
Carduelis chloris;Verdier d'Europe;European Greenfinch;A1;0.47;1.1
Ciconia ciconia;Cigogne blanche;White Stork;A0;0.49;0
Ciconia ciconia;Cigogne blanche;White Stork;A1;0.7;0
Ciconia ciconia;Cigogne blanche;White Stork;A2;0.7;1.25
Ciconia ciconia;Cigogne blanche;White Stork;A3;0.69p;1.21p
Ciconia ciconia;Cigogne blanche;White Stork;A4;0.73;1.18
Ciconia nigra;Cigogne noire;Black Stork;A0;0.54p;0
Ciconia nigra;Cigogne noire;Black Stork;A1;0.79p;0
Ciconia nigra;Cigogne noire;Black Stork;A2;0.82p;0.55p
Ciconia nigra;Cigogne noire;Black Stork;A3;0.84p;1.1
Circus aeruginosus;Busard des roseaux;Western Marsh-harrier;A0;0.47p;0
Circus aeruginosus;Busard des roseaux;Western Marsh-harrier;A1;0.7p;0.54p
Circus aeruginosus;Busard des roseaux;Western Marsh-harrier;A2;0.72;1.08
Circus cyaneus;Busard Saint-Martin;Hen Harrier;A0;0.34;0
Circus cyaneus;Busard Saint-Martin;Hen Harrier;A1;0.56;0.49p
Circus cyaneus;Busard Saint-Martin;Hen Harrier;A2;0.82;0.99
Circus pygargus;Busard cendrée;Montagu's Harrier;A0;0.5;0
Circus pygargus;Busard cendrée;Montagu's Harrier;A1;0.69p;0.49p
Circus pygargus;Busard cendrée;Montagu's Harrier;A2;0.71;0.97
Coturnix coturnix;Caille des blés;Common Quail;A0;0.2p;0
Coturnix coturnix;Caille des blés;Common Quail;A1;0.29;2.28
Delichon urbica;Hirondelle de fenêtre;Common House Martin;A0;0.24;0
Delichon urbica;Hirondelle de fenêtre;Common House Martin;A1;0.39;1.43
Elanus caeruleus;Elanion Blanc;Black-winged Kite;A0;0.47p;0
Elanus caeruleus;Elanion Blanc;Black-winged Kite;A1;0.7p;0.88
Emberiza calandra;Bruant proyer;Corn bunting;A0;0.37p;0
Emberiza calandra;Bruant proyer;Corn bunting;A1;0.54p;1.18p
Emberiza citrinella;Bruant jaune;Yellowhammer;A0;0.56;0
Emberiza citrinella;Bruant jaune;Yellowhammer;A1;0.54;1.21
Erithacus rubecula;Rouge-gorge familier;European Robin;A0;0.3p;0
Erithacus rubecula;Rouge-gorge familier;European Robin;A1;0.44p;1.41p
Falco naumanni;Faucon crecerellette;Lesser Kestrel;A0;0.45;0
Falco naumanni;Faucon crecerellette;Lesser Kestrel;A1;0.7;0.53p
Falco naumanni;Faucon crecerellette;Lesser Kestrel;A2;0.71;1.06
Falco peregrinus;Faucon pèlerin;Peregrine Falcon;A0;0.42;0
Falco peregrinus;Faucon pèlerin;Peregrine Falcon;A1;0.79p;0.44p
Falco peregrinus;Faucon pèlerin;Peregrine Falcon;A2;0.81;0.88
Falco tinnunculus;Faucon crecerelle;Common Kestrel;A0;0.33;0
Falco tinnunculus;Faucon crecerelle;Common Kestrel;A1;0.67p;0.7p
Falco tinnunculus;Faucon crecerelle;Common Kestrel;A2;0.69;1.41
Ficedula hypoleuca;Gobemouche noir;European Pied Flycatcher;A0;0.28;0
Ficedula hypoleuca;Gobemouche noir;European Pied Flycatcher;A1;0.48;0.83p
Ficedula hypoleuca;Gobemouche noir;European Pied Flycatcher;A2;0.42;1.67
Grus grus;Grue cendrée;Common Crane;A0;0.49;0
Grus grus;Grue cendrée;Common Crane;A1;0.81;0
Grus grus;Grue cendrée;Common Crane;A2;0.81;0
Grus grus;Grue cendrée;Common Crane;A3;0.81;0
Grus grus;Grue cendrée;Common Crane;A4;0.9;0.62
Gypaetus barbatus;Gypaète barbu;Bearded vulture;A0;0.77;0
Gypaetus barbatus;Gypaète barbu;Bearded vulture;A1;0.81;0
Gypaetus barbatus;Gypaète barbu;Bearded vulture;A2;0.81;0
Gypaetus barbatus;Gypaète barbu;Bearded vulture;A3;0.81;0
Gypaetus barbatus;Gypaète barbu;Bearded vulture;A4;0.9;0
Gypaetus barbatus;Gypaète barbu;Bearded vulture;A5;0.93;0
Gypaetus barbatus;Gypaète barbu;Bearded vulture;A6;0.94;0.24
Gyps fulvus;Vautour fauve;Eurasian Griffon;A0;0.86;0
Gyps fulvus;Vautour fauve;Eurasian Griffon;A1;0.86;0
Gyps fulvus;Vautour fauve;Eurasian Griffon;A2;0.89;0
Gyps fulvus;Vautour fauve;Eurasian Griffon;A3;0.92p;0.2p
Gyps fulvus;Vautour fauve;Eurasian Griffon;A4;0.98;0.41
Haliaeetus albicilla;Pygargue à queue blanche;White-tailed Eagle;A0;0.82;0
Haliaeetus albicilla;Pygargue à queue blanche;White-tailed Eagle;A1;0.82;0
Haliaeetus albicilla;Pygargue à queue blanche;White-tailed Eagle;A2;0.86;0
Haliaeetus albicilla;Pygargue à queue blanche;White-tailed Eagle;A3;0.95;0
Haliaeetus albicilla;Pygargue à queue blanche;White-tailed Eagle;A4;0.8p;0.26p
Haliaeetus albicilla;Pygargue à queue blanche;White-tailed Eagle;A5;0.85;0.52
Lanius collurio;Pie-grièche écorcheur;Red-backed Shrike;A0;0.34p;0
Lanius collurio;Pie-grièche écorcheur;Red-backed Shrike;A1;0.5;1.21p
Lanius excubitor;Pie-grièche grise ;Grey shrike;A0;0.45p;0
Lanius excubitor;Pie-grièche grise ;Grey shrike;A1;0.66;1.26
Lanius meridionalis;Pie-grièche méridionale;Iberian grey shrike;A0;0.38p;0
Lanius meridionalis;Pie-grièche méridionale;Iberian grey shrike;A1;0.56p;0.75
Lanius minor;Pie-grièche à poitrine rose;Lesser grey shrike;A0;0.37p;0
Lanius minor;Pie-grièche à poitrine rose;Lesser grey shrike;A1;0.54p;2.39
Lanius senator;Pie-grièche à tête rousse;Woodchat shrike;A0;0.34p;0
Lanius senator;Pie-grièche à tête rousse;Woodchat shrike;A1;0.51p;1.29p
Lullula arborea;Alouette lulu;Wood Lark;A0;0.21;0
Lullula arborea;Alouette lulu;Wood Lark;A1;0.61;2.18
Milvus migrans;Milan noir;Black Kite;A0;0.5p;0
Milvus migrans;Milan noir;Black Kite;A1;0.74p;0.22p
Milvus migrans;Milan noir;Black Kite;A2;0.76;0.44
Milvus milvus;Milan royal;Red Kite;A0;0.61;0
Milvus milvus;Milan royal;Red Kite;A1;0.77;0.32p
Milvus milvus;Milan royal;Red Kite;A2;0.85;0.65
Neophron percnopterus;Vautour percnoptère;Egyptian Vulture;A0;0.81;0
Neophron percnopterus;Vautour percnoptère;Egyptian Vulture;A1;0.81;0
Neophron percnopterus;Vautour percnoptère;Egyptian Vulture;A2;0.83;0
Neophron percnopterus;Vautour percnoptère;Egyptian Vulture;A3;0.83;0.17p
Neophron percnopterus;Vautour percnoptère;Egyptian Vulture;A4;0.74;0.17p
Neophron percnopterus;Vautour percnoptère;Egyptian Vulture;A5;0.81;0.34
Pandion haliaetus;Balbuzard pêcheur;Osprey;A0;0.46;0
Pandion haliaetus;Balbuzard pêcheur;Osprey;A1;0.82;0
Pandion haliaetus;Balbuzard pêcheur;Osprey;A2;0.82;0.36p
Pandion haliaetus;Balbuzard pêcheur;Osprey;A3;0.79;0.71
Passer domesticus;Moineau domestique;House sparrow;A0;0.3;0
Passer domesticus;Moineau domestique;House sparrow;A1;0.56;2.55
Passer montanus;Moineau friquet;Eurasian tree sparrow;A0;0.49;0
Passer montanus;Moineau friquet;Eurasian tree sparrow;A1;0.43;1.35
Perdix perdix;Perdrix grise;Grey partridge;A0;0.22;0
Perdix perdix;Perdrix grise;Grey partridge;A1;0.38;2.23
Pernis apivorus;Bondrée apivore;European Honey-buzzard;A0;0.63;0
Pernis apivorus;Bondrée apivore;European Honey-buzzard;A1;0.84;0
Pernis apivorus;Bondrée apivore;European Honey-buzzard;A2;0.87;0.22p
Pernis apivorus;Bondrée apivore;European Honey-buzzard;A3;0.81;0.22p
Pernis apivorus;Bondrée apivore;European Honey-buzzard;A4;0.81;0.44
Phylloscopus collybita;Pouillot véloce;Chiffchaff;A0;0.24;0
Phylloscopus collybita;Pouillot véloce;Chiffchaff;A1;0.42;1.36p
Pluvialis apricaria;Pluvier doré;Eurasian Golden Plover;A0;0.63;0
Pluvialis apricaria;Pluvier doré;Eurasian Golden Plover;A1;0.82;0.21p
Pluvialis apricaria;Pluvier doré;Eurasian Golden Plover;A2;0.7;0.42
Regulus ignicapillus;Roitelet triple-bandeau;Common Firecrest;A0;0.17p;0
Regulus ignicapillus;Roitelet triple-bandeau;Common Firecrest;A1;0.25p;2.07p
Regulus regulus;Roitelet huppé;Goldcrest;A0;0.15p;0
Regulus regulus;Roitelet huppé;Goldcrest;A1;0.23;2.08p
Sturnus vulgaris;Etourneau sansonnet;Common Starling;A0;0.39;0
Sturnus vulgaris;Etourneau sansonnet;Common Starling;A1;0.51;0.81
Tetrax tetrax;Outarde canepetière;Little bustard;A0;0.25;0
Tetrax tetrax;Outarde canepetière;Little bustard;A1;0.74;0.34
Turdus merula;Merle noir;Eurasian Blackbird;A0;0.4;0
Turdus merula;Merle noir;Eurasian Blackbird;A1;0.57;0.65
Turdus philomelos;Grive musicienne;Song Thrush;A0;0.44;0
Turdus philomelos;Grive musicienne;Song Thrush;A1;0.57;0.81
Vanellus vanellus;Vanneau huppé;Northern Lapwing;A0;0.58;0
Vanellus vanellus;Vanneau huppé;Northern Lapwing;A1;0.7p;0.22p
Vanellus vanellus;Vanneau huppé;Northern Lapwing;A2;0.72;0.43
Alca torda;Pingouin torda;Razorbill;A0;0.63;0
Alca torda;Pingouin torda;Razorbill;A1;0.63;0
Alca torda;Pingouin torda;Razorbill;A2;0.63;0
Alca torda;Pingouin torda;Razorbill;A3;0.941;0
Alca torda;Pingouin torda;Razorbill;A4;0.927;0.543
Chlidonias niger;Guifette noire;Black Tern;A0;0.44;0
Chlidonias niger;Guifette noire;Black Tern;A1;0.595;0
Chlidonias niger;Guifette noire;Black Tern;A2;0.849;0.565
Larus ridibundus;Mouette rieuse;Black headed Gull;A0;0.213;0
Larus ridibundus;Mouette rieuse;Black headed Gull;A1;0.59;0
Larus ridibundus;Mouette rieuse;Black headed Gull;A2;0.9;0.135
Larus ridibundus;Mouette rieuse;Black headed Gull;A3;0.9;0.344
Larus ridibundus;Mouette rieuse;Black headed Gull;A4;0.9;0.468
Larus ridibundus;Mouette rieuse;Black headed Gull;A5;0.87;0.564
Fratercula arctica;Macareux moine;Atlantic puffin;A0;0.7445;0
Fratercula arctica;Macareux moine;Atlantic puffin;A1;0.783;0
Fratercula arctica;Macareux moine;Atlantic puffin;A2;0.783;0
Fratercula arctica;Macareux moine;Atlantic puffin;A3;0.776;0.007
Fratercula arctica;Macareux moine;Atlantic puffin;A4;0.776;0.086
Fratercula arctica;Macareux moine;Atlantic puffin;A5;0.757;0.25
Fratercula arctica;Macareux moine;Atlantic puffin;A6;0.773;0.4
Fratercula arctica;Macareux moine;Atlantic puffin;A7;0.9;0.714
Fulmarus glacialis;Fulmar boréal;Northern fulmar;A0;0.26;0
Fulmarus glacialis;Fulmar boréal;Northern fulmar;A1;0.88;0
Fulmarus glacialis;Fulmar boréal;Northern fulmar;A2;0.88;0
Fulmarus glacialis;Fulmar boréal;Northern fulmar;A3;0.88;0
Fulmarus glacialis;Fulmar boréal;Northern fulmar;A4;0.88;0
Fulmarus glacialis;Fulmar boréal;Northern fulmar;A5;0.88;0.008
Fulmarus glacialis;Fulmar boréal;Northern fulmar;A6;0.88;0.034
Fulmarus glacialis;Fulmar boréal;Northern fulmar;A7;0.88;0.091
Fulmarus glacialis;Fulmar boréal;Northern fulmar;A8;0.88;0.144
Fulmarus glacialis;Fulmar boréal;Northern fulmar;A9;0.88;0.17
Fulmarus glacialis;Fulmar boréal;Northern fulmar;A10;0.934;0.215
Fulmarus glacialis;Fulmar boréal;Northern fulmar;A11;0.934;0.246
Fulmarus glacialis;Fulmar boréal;Northern fulmar;A12;0.934;0.287
Fulmarus glacialis;Fulmar boréal;Northern fulmar;A13;0.934;0.31
Fulmarus glacialis;Fulmar boréal;Northern fulmar;A14;0.934;0.329
Fulmarus glacialis;Fulmar boréal;Northern fulmar;A15;0.934;0.378
Hydrobates pelagicus;Océanite tempête;European storm petrel;A0;0.325;0
Hydrobates pelagicus;Océanite tempête;European storm petrel;A1;0.55;0
Hydrobates pelagicus;Océanite tempête;European storm petrel;A2;0.552;0
Hydrobates pelagicus;Océanite tempête;European storm petrel;A3;0.595;0.053
Hydrobates pelagicus;Océanite tempête;European storm petrel;A4;0.897;0.44
Hydrobates pelagicus;Océanite tempête;European storm petrel;A5;0.896;0.478
Ichthyaetus melanocephalus;Mouette mélanocéphale;Mediterranean Gull;A0;0.213;0
Ichthyaetus melanocephalus;Mouette mélanocéphale;Mediterranean Gull;A1;0.55;0
Ichthyaetus melanocephalus;Mouette mélanocéphale;Mediterranean Gull;A2;0.84;0.595
Larus argentatus;Goéland argenté;Herring Gull;A0;0.629;0
Larus argentatus;Goéland argenté;Herring Gull;A1;0.72;0
Larus argentatus;Goéland argenté;Herring Gull;A2;0.881;0
Larus argentatus;Goéland argenté;Herring Gull;A3;0.918;0
Larus argentatus;Goéland argenté;Herring Gull;A4;0.918;0.317
Larus argentatus;Goéland argenté;Herring Gull;A5;0.918;0.69
Larus argentatus;Goéland argenté;Herring Gull;A6;0.918;0.857
Larus argentatus;Goéland argenté;Herring Gull;A7;0.875;0.932
Larus canus;Goéland cendré;Common Gull;A0;0.41;0
Larus canus;Goéland cendré;Common Gull;A1;0.41;0
Larus canus;Goéland cendré;Common Gull;A2;0.71;0.043
Larus canus;Goéland cendré;Common Gull;A3;0.81;0.319
Larus canus;Goéland cendré;Common Gull;A4;0.896;0.541
Larus fuscus;Goéland brun;Lesser Black Backed Gull;A0;0.82;0
Larus fuscus;Goéland brun;Lesser Black Backed Gull;A1;0.885;0
Larus fuscus;Goéland brun;Lesser Black Backed Gull;A2;0.885;0
Larus fuscus;Goéland brun;Lesser Black Backed Gull;A3;0.885;0
Larus fuscus;Goéland brun;Lesser Black Backed Gull;A4;0.891;0.496
Larus marinus;Goéland marin;Great Black backed Gull;A0;0.82;0
Larus marinus;Goéland marin;Great Black backed Gull;A1;0.885;0
Larus marinus;Goéland marin;Great Black backed Gull;A2;0.885;0
Larus marinus;Goéland marin;Great Black backed Gull;A3;0.885;0
Larus marinus;Goéland marin;Great Black backed Gull;A4;0.864;1.063
Larus michahellis;Goéland leucophée;Yellow-legged gull;A0;0.629;0
Larus michahellis;Goéland leucophée;Yellow-legged gull;A1;0.543;0
Larus michahellis;Goéland leucophée;Yellow-legged gull;A2;0.708;0
Larus michahellis;Goéland leucophée;Yellow-legged gull;A3;0.756;1.148
Morus bassanus;Fou de Bassan;Northern Gannet;A0;0.387;0
Morus bassanus;Fou de Bassan;Northern Gannet;A1;0.497;0
Morus bassanus;Fou de Bassan;Northern Gannet;A2;0.889;0
Morus bassanus;Fou de Bassan;Northern Gannet;A3;0.893;0.516
Phalacrocorax aristotelis;Cormoran huppé;European Shag;A0;0.4765;0
Phalacrocorax aristotelis;Cormoran huppé;European Shag;A1;0.461;0
Phalacrocorax aristotelis;Cormoran huppé;European Shag;A2;0.732;0.65
Phalacrocorax aristotelis;Cormoran huppé;European Shag;A3;0.807;1.383
Phalacrocorax carbo;Grand cormoran;Cormorant;A0;0.52;0
Phalacrocorax carbo;Grand cormoran;Cormorant;A1;0.422;0
Phalacrocorax carbo;Grand cormoran;Cormorant;A2;0.683;0.675
Phalacrocorax carbo;Grand cormoran;Cormorant;A3;0.844;1.195
Phalacrocorax carbo;Grand cormoran;Cormorant;A4;0.844;1.504
Phalacrocorax carbo;Grand cormoran;Cormorant;A5;0.844;1.677
Phalacrocorax carbo;Grand cormoran;Cormorant;A6;0.862;1.928
Puffinus mauretanicus;Puffin des Baléares;Balearic Shearwater;A0;0.325;0
Puffinus mauretanicus;Puffin des Baléares;Balearic Shearwater;A1;0.434;0
Puffinus mauretanicus;Puffin des Baléares;Balearic Shearwater;A2;0.434;0
Puffinus mauretanicus;Puffin des Baléares;Balearic Shearwater;A3;0.809;0.019
Puffinus mauretanicus;Puffin des Baléares;Balearic Shearwater;A4;0.809;0.171
Puffinus mauretanicus;Puffin des Baléares;Balearic Shearwater;A5;0.809;0.444
Puffinus mauretanicus;Puffin des Baléares;Balearic Shearwater;A6;0.809;0.634
Puffinus puffinus;Puffin des Anglais;Manx shearwater;A0;0.325;0
Puffinus puffinus;Puffin des Anglais;Manx shearwater;A1;0.825;0
Puffinus puffinus;Puffin des Anglais;Manx shearwater;A2;0.825;0
Puffinus puffinus;Puffin des Anglais;Manx shearwater;A3;0.825;0
Puffinus puffinus;Puffin des Anglais;Manx shearwater;A4;0.825;0
Puffinus puffinus;Puffin des Anglais;Manx shearwater;A5;0.875;0.677
Rissa tridactyla;Mouette tridactyle;Black legged Kittiwake;A0;0.72;0
Rissa tridactyla;Mouette tridactyle;Black legged Kittiwake;A1;0.53;0
Rissa tridactyla;Mouette tridactyle;Black legged Kittiwake;A2;0.86;0
Rissa tridactyla;Mouette tridactyle;Black legged Kittiwake;A3;0.84;0.175
Rissa tridactyla;Mouette tridactyle;Black legged Kittiwake;A4;0.865;0.479
Rissa tridactyla;Mouette tridactyle;Black legged Kittiwake;A5;0.865;0.646
Rissa tridactyla;Mouette tridactyle;Black legged Kittiwake;A6;0.865;0.714
Rissa tridactyla;Mouette tridactyle;Black legged Kittiwake;A7;0.865;0.752
Rissa tridactyla;Mouette tridactyle;Black legged Kittiwake;A8;0.856;0.76
Sterna dougallii;Sterne de Dougall;Roseate Tern;A0;0.441;0
Sterna dougallii;Sterne de Dougall;Roseate Tern;A1;0.583;0
Sterna dougallii;Sterne de Dougall;Roseate Tern;A2;0.671;0.011
Sterna dougallii;Sterne de Dougall;Roseate Tern;A3;0.843;0.572
Sterna dougallii;Sterne de Dougall;Roseate Tern;A4;0.824;0.695
Sterna dougallii;Sterne de Dougall;Roseate Tern;A5;0.824;1.02
Sterna dougallii;Sterne de Dougall;Roseate Tern;A6;0.83;1.121
Sterna hirundo;Sterne pierregarin;Common Tern;A0;0.441;0
Sterna hirundo;Sterne pierregarin;Common Tern;A1;0.565;0
Sterna hirundo;Sterne pierregarin;Common Tern;A2;0.55;0.051
Sterna hirundo;Sterne pierregarin;Common Tern;A3;0.83;0.533
Sterna hirundo;Sterne pierregarin;Common Tern;A4;0.84;0.753
Sterna hirundo;Sterne pierregarin;Common Tern;A5;0.875;0.829
Sterna hirundo;Sterne pierregarin;Common Tern;A6;0.895;0.846
Thalasseus sandvicensis;Sterne caugek;Sandwich Tern;A0;0.304;0
Thalasseus sandvicensis;Sterne caugek;Sandwich Tern;A1;0.549;0
Thalasseus sandvicensis;Sterne caugek;Sandwich Tern;A2;0.741;0
Thalasseus sandvicensis;Sterne caugek;Sandwich Tern;A3;0.741;0.007
Thalasseus sandvicensis;Sterne caugek;Sandwich Tern;A4;0.898;0.132
Thalasseus sandvicensis;Sterne caugek;Sandwich Tern;A5;0.898;0.299
Thalasseus sandvicensis;Sterne caugek;Sandwich Tern;A6;0.898;0.383
Thalasseus sandvicensis;Sterne caugek;Sandwich Tern;A7;0.898;0.459
Thalasseus sandvicensis;Sterne caugek;Sandwich Tern;A8;0.898;0.55
Thalasseus sandvicensis;Sterne caugek;Sandwich Tern;A9;0.884;0.696
Uria aalge;Guillemot de Troïl;Common Guillemot;A0;0.56;0
Uria aalge;Guillemot de Troïl;Common Guillemot;A1;0.558;0
Uria aalge;Guillemot de Troïl;Common Guillemot;A2;0.712;0
Uria aalge;Guillemot de Troïl;Common Guillemot;A3;0.894;0
Uria aalge;Guillemot de Troïl;Common Guillemot;A4;0.887;0.027
Uria aalge;Guillemot de Troïl;Common Guillemot;A5;0.951;0.206
Uria aalge;Guillemot de Troïl;Common Guillemot;A6;0.951;0.412
Uria aalge;Guillemot de Troïl;Common Guillemot;A7;0.951;0.625
Uria aalge;Guillemot de Troïl;Common Guillemot;A8;0.954;0.665
